{
  "version": 1,
  "author": "Caio Ruiz Coldebella e Gustavo de Souza dos Reis",
  "editor": "wokwi",
  "parts": [
    { "type": "board-esp32-devkit-c-v4", "id": "esp", "top": 0, "left": -4.76, "attrs": {} },
    {
      "type": "wokwi-mpu6050",
      "id": "imu1",
      "top": 31.78,
      "left": 146.92,
      "rotate": 270,
      "attrs": {}
    },
    {
      "type": "wokwi-pushbutton",
      "id": "btn1",
      "top": 92.6,
      "left": -105.6,
      "attrs": { "color": "green" }
    }
  ],
  "connections": [
    [ "esp:TX", "$serialMonitor:RX", "", [] ],
    [ "esp:RX", "$serialMonitor:TX", "", [] ],
    [ "esp:22", "imu1:SCL", "green", [ "h0" ] ],
    [ "esp:21", "imu1:SDA", "green", [ "h28.8", "v-19.12" ] ],
    [ "esp:2", "btn1:2.r", "green", [ "h19.2", "v57.6", "h-144" ] ],
    [ "esp:3V3", "imu1:VCC", "green", [ "v-38.4", "h163.35" ] ],
    [ "imu1:GND", "esp:GND.2", "black", [ "h-28.8", "v-9.68" ] ],
    [ "esp:3V3", "btn1:1.r", "green", [ "h0" ] ]
  ],
  "dependencies": {}
}